frame_idx,trial_idx,min_v_loss,top_avg_reward,epsilon,l1S
24,0,inf,-705.9082545668325,0.9996400620931697,inf
48,0,inf,-661.7811316050575,0.9992802537416364,inf
72,1,inf,-570.1689858441839,0.9989205748987681,inf
96,2,inf,-547.7865011625264,0.9985610255179495,inf
98,2,inf,21.891075168365624,0.9985310689118603,inf
122,3,inf,21.891075168365624,0.9981716597290113,inf
146,4,inf,21.891075168365624,0.9978123799111513,inf
170,5,inf,21.891075168365624,0.997453229411717,inf
