frame_idx,min_v_loss,l2
10000,0.9830314517021179,0.9830314517021179
11000,0.11365911364555359,0.4661065638065338
12000,0.11365911364555359,0.4540720582008362
13000,0.11365911364555359,0.5064988136291504
14000,0.11365911364555359,0.8561998605728149
15000,0.11365911364555359,0.46794062852859497
16000,0.11365911364555359,0.5632786750793457
